emoji_symbol,emoji_name
ğŸ˜€,rosto risonho
ğŸ˜,rosto contente com olhos sorridentes
ğŸ˜‚,rosto chorando de rir
ğŸ˜ƒ,rosto risonho com olhos bem abertos
ğŸ˜„,rosto risonho com olhos sorridentes
ğŸ˜…,rosto risonho com gota de suor
ğŸ˜†,rosto risonho com olhos semicerrados
ğŸ˜‡,rosto sorridente com aurÃ©ola
ğŸ˜‰,rosto com olho piscando
ğŸ˜Š,rosto sorridente com olhos sorridentes
ğŸ™‚,rosto levemente sorridente
ğŸ™ƒ,rosto de cabeÃ§a para baixo
ğŸ¤£,rolando no chÃ£o de rir
â˜º,rosto sorridente
ğŸ˜,rosto sorridente com olhos de coraÃ§Ã£o
ğŸ˜—,rosto beijando
ğŸ˜˜,rosto mandando um beijo
ğŸ˜™,rosto beijando com olhos sorridentes
ğŸ˜š,rosto beijando com olhos fechados
ğŸ¤©,rosto com olhar maravilhado
ğŸ¥°,rosto sorridente com 3 coraÃ§Ãµes
ğŸ¥²,rosto sorridente com lÃ¡grima
ğŸ˜‹,rosto saboreando comida
ğŸ˜›,rosto mostrando a lÃ­ngua
ğŸ˜œ,rosto piscando e com lÃ­ngua para fora
ğŸ˜,rosto com olhos semicerrados e lÃ­ngua para fora
ğŸ¤‘,rosto com cifrÃµes
ğŸ¤ª,rosto bizarro
ğŸ¤”,rosto pensativo
ğŸ¤—,rosto abraÃ§ando
ğŸ¤«,rosto fazendo sinal de silÃªncio
ğŸ¤­,rosto com a mÃ£o sobre a boca
ğŸ˜,rosto com sorriso maroto
ğŸ˜,rosto neutro
ğŸ˜‘,rosto inexpressivo
ğŸ˜’,rosto aborrecido
ğŸ˜¬,rosto expressando desagrado
ğŸ˜¶,rosto sem boca
ğŸ™„,rosto com olhos revirados
ğŸ¤,rosto com boca de zÃ­per
ğŸ¤¥,rosto de mentiroso
ğŸ¤¨,rosto com sobrancelha levantada
ğŸ˜Œ,rosto aliviado
ğŸ˜”,rosto deprimido
ğŸ˜ª,rosto sonolento
ğŸ˜´,rosto dormindo
ğŸ¤¤,rosto babando
ğŸ˜µ,rosto atordoado
ğŸ˜·,rosto com mÃ¡scara mÃ©dica
ğŸ¤’,rosto com termÃ´metro
ğŸ¤•,rosto com atadura na cabeÃ§a
ğŸ¤¢,rosto nauseado
ğŸ¤§,rosto espirrando
ğŸ¤®,rosto vomitando
ğŸ¤¯,cabeÃ§a explodindo
ğŸ¥´,rosto embriagado
ğŸ¥µ,rosto fervendo de calor
ğŸ¥¶,rosto gelado
ğŸ¤ ,rosto com chapÃ©u de caubÃ³i
ğŸ¥³,rosto festivo
ğŸ¥¸,rosto disfarÃ§ado
ğŸ˜,rosto sorridente com Ã³culos escuros
ğŸ¤“,rosto de nerd
ğŸ§,rosto com monÃ³culo
â˜¹,rosto descontente
ğŸ˜“,rosto cabisbaixo com gota de suor
ğŸ˜•,rosto confuso
ğŸ˜–,rosto perplexo
ğŸ˜,rosto desapontado
ğŸ˜Ÿ,rosto preocupado
ğŸ˜¢,rosto chorando
ğŸ˜£,rosto perseverante
ğŸ˜¥,"rosto triste, mas aliviado"
ğŸ˜¦,rosto franzido com boca aberta
ğŸ˜§,rosto angustiado
ğŸ˜¨,rosto amedrontado
ğŸ˜©,rosto desolado
ğŸ˜«,rosto cansado
ğŸ˜­,rosto chorando aos berros
ğŸ˜®,rosto com boca aberta
ğŸ˜¯,rosto surpreso
ğŸ˜°,rosto ansioso com gota de suor
ğŸ˜±,rosto gritando de medo
ğŸ˜²,rosto espantado
ğŸ˜³,rosto ruborizado
ğŸ™,rosto meio triste
ğŸ¥±,rosto bocejando
ğŸ¥º,rosto implorando
â˜ ,caveira e ossos cruzados
ğŸ‘¿,rosto zangado com chifres
ğŸ’€,caveira
ğŸ˜ˆ,rosto sorridente com chifres
ğŸ˜ ,rosto zangado
ğŸ˜¡,rosto furioso
ğŸ˜¤,rosto soltando vapor pelo nariz
ğŸ¤¬,rosto com sÃ­mbolos na boca
ğŸ‘¹,ogro
ğŸ‘º,duende japonÃªs
ğŸ‘»,fantasma
ğŸ‘½,alienÃ­gena
ğŸ‘¾,monstro alienÃ­gena
ğŸ’©,cocÃ´
ğŸ¤–,rosto de robÃ´
ğŸ¤¡,rosto de palhaÃ§o
ğŸ˜¸,rosto de gato sorrindo com olhos sorridentes
ğŸ˜¹,rosto de gato com lÃ¡grimas de alegria
ğŸ˜º,rosto de gato sorrindo
ğŸ˜»,rosto de gato sorridente com olhos de coraÃ§Ã£o
ğŸ˜¼,rosto de gato com sorriso irÃ´nico
ğŸ˜½,rosto de gato mandando um beijo
ğŸ˜¾,rosto de gato mal-humorado
ğŸ˜¿,rosto de gato chorando
ğŸ™€,rosto de gato desolado
ğŸ™ˆ,macaco que nÃ£o vÃª nada
ğŸ™‰,macaco que nÃ£o ouve nada
ğŸ™Š,macaco que nÃ£o fala nada
â£,exclamaÃ§Ã£o de coraÃ§Ã£o
â¤,coraÃ§Ã£o vermelho
ğŸ‘â€ğŸ—¨,olho no balÃ£o de diÃ¡logo
ğŸ’‹,marca de beijo
ğŸ’Œ,carta de amor
ğŸ’“,coraÃ§Ã£o pulsante
ğŸ’”,coraÃ§Ã£o partido
ğŸ’•,dois coraÃ§Ãµes
ğŸ’–,coraÃ§Ã£o brilhante
ğŸ’—,coraÃ§Ã£o crescendo
ğŸ’˜,coraÃ§Ã£o com flecha
ğŸ’™,coraÃ§Ã£o azul
ğŸ’š,coraÃ§Ã£o verde
ğŸ’›,coraÃ§Ã£o amarelo
ğŸ’œ,coraÃ§Ã£o roxo
ğŸ’,coraÃ§Ã£o com fita
ğŸ’,coraÃ§Ãµes girando
ğŸ’Ÿ,coraÃ§Ã£o decorativo
ğŸ’¢,sÃ­mbolo de raiva
ğŸ’£,bomba
ğŸ’¤,zzz
ğŸ’¥,colisÃ£o
ğŸ’¦,pingos de suor
ğŸ’¨,rapidez
ğŸ’«,zonzo
ğŸ’¬,balÃ£o de diÃ¡logo
ğŸ’­,balÃ£o de pensamento
ğŸ’¯,cem pontos
ğŸ•³,buraco
ğŸ–¤,coraÃ§Ã£o preto
ğŸ—¨,balÃ£o de diÃ¡logo Ã  esquerda
ğŸ—¯,balÃ£o de raiva Ã  direita
ğŸ¤,coraÃ§Ã£o branco
ğŸ¤,coraÃ§Ã£o marrom
ğŸ§¡,coraÃ§Ã£o laranja
âœ‹,mÃ£o levantada
ğŸ‘‹,mÃ£o acenando
ğŸ–,mÃ£o aberta com os dedos separados
ğŸ––,saudaÃ§Ã£o vulcana
ğŸ¤š,dorso da mÃ£o levantado
âœŒ,mÃ£o em V de vitÃ³ria
ğŸ‘Œ,sinal de ok
ğŸ¤Œ,dedos comprimidos
ğŸ¤,mÃ£o beliscando
ğŸ¤˜,saudaÃ§Ã£o do rock
ğŸ¤™,"sinal ""me liga"""
ğŸ¤,dedos cruzados
ğŸ¤Ÿ,"gesto de ""te amo"""
â˜,indicador apontando para cima
ğŸ‘†,dorso da mÃ£o com dedo indicador apontando para cima
ğŸ‘‡,dorso da mÃ£o com dedo indicador apontando para baixo
ğŸ‘ˆ,dorso da mÃ£o com dedo indicador apontando para a esquerda
ğŸ‘‰,dorso da mÃ£o com dedo indicador apontando para a direita
ğŸ–•,dedo do meio
âœŠ,punho levantado
ğŸ‘Š,soco
ğŸ‘,polegar para cima
ğŸ‘,polegar para baixo
ğŸ¤›,punho esquerdo
ğŸ¤œ,punho direito
ğŸ‘,mÃ£os aplaudindo
ğŸ‘,mÃ£os abertas
ğŸ™Œ,mÃ£os para cima
ğŸ™,mÃ£os juntas
ğŸ¤,aperto de mÃ£os
ğŸ¤²,palmas unidas para cima
âœ,escrevendo Ã  mÃ£o
ğŸ’…,esmalte de unha
ğŸ¤³,selfie
ğŸ‘€,olhos
ğŸ‘,olho
ğŸ‘‚,orelha
ğŸ‘ƒ,nariz
ğŸ‘„,boca
ğŸ‘…,lÃ­ngua
ğŸ’ª,bÃ­ceps
ğŸ¦´,osso
ğŸ¦µ,perna
ğŸ¦¶,pÃ©
ğŸ¦·,dente
ğŸ¦»,ouvido com aparelho auditivo
ğŸ¦¾,braÃ§o mecÃ¢nico
ğŸ¦¿,perna mecÃ¢nica
ğŸ§ ,cÃ©rebro
ğŸ«€,coraÃ§Ã£o humano
ğŸ«,pulmÃµes
ğŸ‘¦,menino
ğŸ‘§,menina
ğŸ‘¨,homem
ğŸ‘¨â€ğŸ¦°,homem: cabelo vermelho
ğŸ‘¨â€ğŸ¦±,homem: cabelo cacheado
ğŸ‘¨â€ğŸ¦²,homem: careca
ğŸ‘¨â€ğŸ¦³,homem: cabelo branco
ğŸ‘©,mulher
ğŸ‘©â€ğŸ¦°,mulher: cabelo vermelho
ğŸ‘©â€ğŸ¦±,mulher: cabelo cacheado
ğŸ‘©â€ğŸ¦²,mulher: careca
ğŸ‘©â€ğŸ¦³,mulher: cabelo branco
ğŸ‘±,pessoa: cabelo louro
ğŸ‘±â€â™€,mulher: cabelo loiro
ğŸ‘±â€â™‚,homem: cabelo loiro
ğŸ‘´,homem idoso
ğŸ‘µ,idosa
ğŸ‘¶,bebÃª
ğŸ§‘,pessoa
ğŸ§‘â€ğŸ¦°,pessoa: cabelo vermelho
ğŸ§‘â€ğŸ¦±,pessoa: cabelo cacheado
ğŸ§‘â€ğŸ¦²,pessoa: careca
ğŸ§‘â€ğŸ¦³,pessoa: cabelo branco
ğŸ§’,crianÃ§a
ğŸ§“,idoso
ğŸ§”,homem: barba
ğŸ’,pessoa com a palma virada para cima
ğŸ’â€â™€,mulher com a palma virada para cima
ğŸ’â€â™‚,homem com a palma virada para cima
ğŸ™…,pessoa fazendo gesto de â€œnÃ£oâ€
ğŸ™…â€â™€,mulher fazendo gesto de â€œnÃ£oâ€
ğŸ™…â€â™‚,homem fazendo gesto de â€œnÃ£oâ€
ğŸ™†,pessoa fazendo gesto de â€œOKâ€
ğŸ™†â€â™€,mulher fazendo gesto de â€œOKâ€
ğŸ™†â€â™‚,homem fazendo gesto de â€œOKâ€
ğŸ™‡,pessoa fazendo reverÃªncia
ğŸ™‡â€â™€,mulher fazendo reverÃªncia
ğŸ™‡â€â™‚,homem fazendo reverÃªncia
ğŸ™‹,pessoa levantando a mÃ£o
ğŸ™‹â€â™€,mulher levantando a mÃ£o
ğŸ™‹â€â™‚,homem levantando a mÃ£o
ğŸ™,franzindo a sobrancelha
ğŸ™â€â™€,mulher franzindo a sobrancelha
ğŸ™â€â™‚,homem franzindo a sobrancelha
ğŸ™,pessoa fazendo bico
ğŸ™â€â™€,mulher fazendo bico
ğŸ™â€â™‚,homem fazendo bico
ğŸ¤¦,pessoa decepcionada
ğŸ¤¦â€â™€,mulher decepcionada
ğŸ¤¦â€â™‚,homem decepcionado
ğŸ¤·,pessoa dando de ombros
ğŸ¤·â€â™€,mulher dando de ombros
ğŸ¤·â€â™‚,homem dando de ombros
ğŸ§,pessoa surda
ğŸ§â€â™€,mulher surda
ğŸ§â€â™‚,homem surdo
ğŸ‘¨â€âš•,homem profissional da saÃºde
ğŸ‘¨â€âš–,juiz
ğŸ‘¨â€âœˆ,piloto de aviÃ£o homem
ğŸ‘¨â€ğŸŒ¾,fazendeiro
ğŸ‘¨â€ğŸ³,cozinheiro
ğŸ‘¨â€ğŸ¼,homem alimentando bebÃª
ğŸ‘¨â€ğŸ“,estudante
ğŸ‘¨â€ğŸ¤,cantor homem
ğŸ‘¨â€ğŸ¨,artista plÃ¡stico
ğŸ‘¨â€ğŸ«,professor
ğŸ‘¨â€ğŸ­,operÃ¡rio
ğŸ‘¨â€ğŸ’»,tecnÃ³logo
ğŸ‘¨â€ğŸ’¼,funcionÃ¡rio de escritÃ³rio
ğŸ‘¨â€ğŸ”§,mecÃ¢nico
ğŸ‘¨â€ğŸ”¬,cientista homem
ğŸ‘¨â€ğŸš€,astronauta homem
ğŸ‘¨â€ğŸš’,bombeiro homem
ğŸ‘©â€âš•,mulher profissional da saÃºde
ğŸ‘©â€âš–,juÃ­za
ğŸ‘©â€âœˆ,piloto de aviÃ£o mulher
ğŸ‘©â€ğŸŒ¾,fazendeira
ğŸ‘©â€ğŸ³,cozinheira
ğŸ‘©â€ğŸ¼,mulher alimentando bebÃª
ğŸ‘©â€ğŸ“,aluna
ğŸ‘©â€ğŸ¤,cantora
ğŸ‘©â€ğŸ¨,artista plÃ¡stica
ğŸ‘©â€ğŸ«,professora
ğŸ‘©â€ğŸ­,operÃ¡ria
ğŸ‘©â€ğŸ’»,tecnÃ³loga
ğŸ‘©â€ğŸ’¼,funcionÃ¡ria de escritÃ³rio
ğŸ‘©â€ğŸ”§,mecÃ¢nica
ğŸ‘©â€ğŸ”¬,cientista mulher
ğŸ‘©â€ğŸš€,astronauta mulher
ğŸ‘©â€ğŸš’,bombeira
ğŸ‘®,policial
ğŸ‘®â€â™€,policial mulher
ğŸ‘®â€â™‚,policial homem
ğŸ‘°,noiva
ğŸ‘°â€â™€,noiva com vÃ©u
ğŸ‘°â€â™‚,noivo com vÃ©u
ğŸ‘²,homem de bonÃ©
ğŸ‘³,pessoa com turbante
ğŸ‘³â€â™€,mulher com turbante
ğŸ‘³â€â™‚,homem com turbante
ğŸ‘·,trabalhador de construÃ§Ã£o civil
ğŸ‘·â€â™€,pedreira
ğŸ‘·â€â™‚,pedreiro
ğŸ‘¸,princesa
ğŸ’‚,guarda
ğŸ’‚â€â™€,guarda mulher
ğŸ’‚â€â™‚,guarda homem
ğŸ•µ,detetive
ğŸ•µâ€â™€,detetive mulher
ğŸ•µâ€â™‚,detetive homem
ğŸ¤°,grÃ¡vida
ğŸ¤±,amamentando
ğŸ¤´,prÃ­ncipe
ğŸ¤µ,pessoa de smoking
ğŸ¤µâ€â™€,mulher de smoking
ğŸ¤µâ€â™‚,homem de smoking
ğŸ¥·,ninja
ğŸ§‘â€âš•,profissional de saÃºde
ğŸ§‘â€âš–,juiz no tribunal
ğŸ§‘â€âœˆ,piloto
ğŸ§‘â€ğŸŒ¾,agricultor
ğŸ§‘â€ğŸ³,chef de cozinha
ğŸ§‘â€ğŸ¼,pessoa alimentando bebÃª
ğŸ§‘â€ğŸ“,aluno
ğŸ§‘â€ğŸ¤,cantor
ğŸ§‘â€ğŸ¨,artista
ğŸ§‘â€ğŸ«,professora na escola
ğŸ§‘â€ğŸ­,funcionÃ¡rio de fÃ¡brica
ğŸ§‘â€ğŸ’»,programador
ğŸ§‘â€ğŸ’¼,trabalhador de escritÃ³rio
ğŸ§‘â€ğŸ”§,mecÃ¢nico trabalhando
ğŸ§‘â€ğŸ”¬,cientista
ğŸ§‘â€ğŸš€,astronauta
ğŸ§‘â€ğŸš’,bombeiro
ğŸ§•,mulher com vÃ©u
ğŸ…,Papai Noel
ğŸ‘¼,bebÃª anjo
ğŸ¤¶,MamÃ£e Noel
ğŸ¦¸,super-herÃ³i
ğŸ¦¸â€â™€,super-heroÃ­na
ğŸ¦¸â€â™‚,homem super-herÃ³i
ğŸ¦¹,supervilÃ£o
ğŸ¦¹â€â™€,supervilÃ£
ğŸ¦¹â€â™‚,homem supervilÃ£o
ğŸ§‘â€ğŸ„,noel
ğŸ§™,mago
ğŸ§™â€â™€,maga
ğŸ§™â€â™‚,homem mago
ğŸ§š,fada
ğŸ§šâ€â™€,mulher fada
ğŸ§šâ€â™‚,homem fada
ğŸ§›,vampiro
ğŸ§›â€â™€,mulher vampira
ğŸ§›â€â™‚,homem vampiro
ğŸ§œ,pessoa sereia
ğŸ§œâ€â™€,sereia
ğŸ§œâ€â™‚,sereio
ğŸ§,elfo
ğŸ§â€â™€,elfa
ğŸ§â€â™‚,elfo homem
ğŸ§,gÃªnio
ğŸ§â€â™€,mulher gÃªnio
ğŸ§â€â™‚,homem gÃªnio
ğŸ§Ÿ,zumbi
ğŸ§Ÿâ€â™€,mulher zumbi
ğŸ§Ÿâ€â™‚,homem zumbi
ğŸƒ,pessoa correndo
ğŸƒâ€â™€,mulher correndo
ğŸƒâ€â™‚,homem correndo
ğŸ‘¨â€ğŸ¦¯,homem com bengala para cego
ğŸ‘¨â€ğŸ¦¼,homem em cadeira de rodas motorizada
ğŸ‘¨â€ğŸ¦½,homem em cadeira de rodas manual
ğŸ‘©â€ğŸ¦¯,mulher com bengala para cego
ğŸ‘©â€ğŸ¦¼,mulher em cadeira de rodas motorizada
ğŸ‘©â€ğŸ¦½,mulher em cadeira de rodas manual
ğŸ‘¯,pessoas com orelhas de coelho
ğŸ‘¯â€â™€,mulheres com orelhas de coelho
ğŸ‘¯â€â™‚,homens com orelhas de coelho
ğŸ’ƒ,mulher danÃ§ando
ğŸ’†,pessoa recebendo massagem facial
ğŸ’†â€â™€,mulher recebendo massagem facial
ğŸ’†â€â™‚,homem recebendo massagem facial
ğŸ’‡,pessoa cortando o cabelo
ğŸ’‡â€â™€,mulher cortando o cabelo
ğŸ’‡â€â™‚,homem cortando o cabelo
ğŸ•´,homem de terno levitando
ğŸ•º,homem danÃ§ando
ğŸš¶,pessoa andando
ğŸš¶â€â™€,mulher andando
ğŸš¶â€â™‚,homem andando
ğŸ§,pessoa em pÃ©
ğŸ§â€â™€,mulher em pÃ©
ğŸ§â€â™‚,homem em pÃ©
ğŸ§,pessoa ajoelhando
ğŸ§â€â™€,mulher ajoelhando
ğŸ§â€â™‚,homem ajoelhando
ğŸ§‘â€ğŸ¦¯,pessoa com bengala para cego
ğŸ§‘â€ğŸ¦¼,pessoa em cadeira de rodas motorizada
ğŸ§‘â€ğŸ¦½,pessoa em cadeira de rodas manual
ğŸ§–,pessoa na sauna
ğŸ§–â€â™€,mulher na sauna
ğŸ§–â€â™‚,homem na sauna
ğŸ§—,pessoa escalando
ğŸ§—â€â™€,mulher escalando
ğŸ§—â€â™‚,homem escalando
â›·,esquiador
â›¹,pessoa jogando basquete
â›¹â€â™€,mulher jogando basquete
â›¹â€â™‚,homem jogando basquete
ğŸ‚,praticante de snowboard
ğŸ„,surfista
ğŸ„â€â™€,mulher surfista
ğŸ„â€â™‚,homem surfista
ğŸ‡,corrida de cavalos
ğŸŠ,pessoa nadando
ğŸŠâ€â™€,mulher nadando
ğŸŠâ€â™‚,homem nadando
ğŸ‹,pessoa levantando peso
ğŸ‹â€â™€,mulher levantando peso
ğŸ‹â€â™‚,homem levantando peso
ğŸŒ,golfista
ğŸŒâ€â™€,mulher golfista
ğŸŒâ€â™‚,homem golfista
ğŸš£,pessoa remando
ğŸš£â€â™€,mulher remando
ğŸš£â€â™‚,homem remando
ğŸš´,ciclista
ğŸš´â€â™€,mulher ciclista
ğŸš´â€â™‚,homem ciclista
ğŸšµ,pessoa fazendo mountain bike
ğŸšµâ€â™€,mulher fazendo mountain bike
ğŸšµâ€â™‚,homem fazendo mountain bike
ğŸ¤¸,pessoa fazendo estrela
ğŸ¤¸â€â™€,mulher fazendo estrela
ğŸ¤¸â€â™‚,homem fazendo estrela
ğŸ¤¹,malabarista
ğŸ¤¹â€â™€,mulher malabarista
ğŸ¤¹â€â™‚,homem malabarista
ğŸ¤º,esgrimista
ğŸ¤¼,pessoas lutando
ğŸ¤¼â€â™€,mulheres lutando
ğŸ¤¼â€â™‚,homens lutando
ğŸ¤½,pessoa jogando polo aquÃ¡tico
ğŸ¤½â€â™€,mulher jogando polo aquÃ¡tico
ğŸ¤½â€â™‚,homem jogando polo aquÃ¡tico
ğŸ¤¾,handebol
ğŸ¤¾â€â™€,jogadora de handebol
ğŸ¤¾â€â™‚,jogador de handebol
ğŸ›€,pessoa tomando banho
ğŸ›Œ,pessoa deitada na cama
ğŸ§˜,pessoa na posiÃ§Ã£o de lÃ³tus
ğŸ§˜â€â™€,mulher na posiÃ§Ã£o de lÃ³tus
ğŸ§˜â€â™‚,homem na posiÃ§Ã£o de lÃ³tus
ğŸ‘¨â€â¤â€ğŸ‘¨,casal apaixonado: homem e homem
ğŸ‘¨â€â¤â€ğŸ’‹â€ğŸ‘¨,beijo: homem e homem
ğŸ‘¨â€ğŸ‘¦,famÃ­lia: homem e menino
ğŸ‘¨â€ğŸ‘¦â€ğŸ‘¦,"famÃ­lia: homem, menino e menino"
ğŸ‘¨â€ğŸ‘§,famÃ­lia: homem e menina
ğŸ‘¨â€ğŸ‘§â€ğŸ‘¦,"famÃ­lia: homem, menina e menino"
ğŸ‘¨â€ğŸ‘§â€ğŸ‘§,"famÃ­lia: homem, menina e menina"
ğŸ‘¨â€ğŸ‘¨â€ğŸ‘¦,"famÃ­lia: homem, homem e menino"
ğŸ‘¨â€ğŸ‘¨â€ğŸ‘¦â€ğŸ‘¦,"famÃ­lia: homem, homem, menino e menino"
ğŸ‘¨â€ğŸ‘¨â€ğŸ‘§,"famÃ­lia: homem, homem e menina"
ğŸ‘¨â€ğŸ‘¨â€ğŸ‘§â€ğŸ‘¦,"famÃ­lia: homem, homem, menina e menino"
ğŸ‘¨â€ğŸ‘¨â€ğŸ‘§â€ğŸ‘§,"famÃ­lia: homem, homem, menina e menina"
ğŸ‘¨â€ğŸ‘©â€ğŸ‘¦,"famÃ­lia: homem, mulher e menino"
ğŸ‘¨â€ğŸ‘©â€ğŸ‘¦â€ğŸ‘¦,"famÃ­lia: homem, mulher, menino e menino"
ğŸ‘¨â€ğŸ‘©â€ğŸ‘§,"famÃ­lia: homem, mulher e menina"
ğŸ‘¨â€ğŸ‘©â€ğŸ‘§â€ğŸ‘¦,"famÃ­lia: homem, mulher, menina e menino"
ğŸ‘¨â€ğŸ‘©â€ğŸ‘§â€ğŸ‘§,"famÃ­lia: homem, mulher, menina e menina"
ğŸ‘©â€â¤â€ğŸ‘¨,casal apaixonado: mulher e homem
ğŸ‘©â€â¤â€ğŸ‘©,casal apaixonado: mulher e mulher
ğŸ‘©â€â¤â€ğŸ’‹â€ğŸ‘¨,beijo: mulher e homem
ğŸ‘©â€â¤â€ğŸ’‹â€ğŸ‘©,beijo: mulher e mulher
ğŸ‘©â€ğŸ‘¦,famÃ­lia: mulher e menino
ğŸ‘©â€ğŸ‘¦â€ğŸ‘¦,"famÃ­lia: mulher, menino e menino"
ğŸ‘©â€ğŸ‘§,famÃ­lia: mulher e menina
ğŸ‘©â€ğŸ‘§â€ğŸ‘¦,"famÃ­lia: mulher, menina e menino"
ğŸ‘©â€ğŸ‘§â€ğŸ‘§,"famÃ­lia: mulher, menina e menina"
ğŸ‘©â€ğŸ‘©â€ğŸ‘¦,"famÃ­lia: mulher, mulher e menino"
ğŸ‘©â€ğŸ‘©â€ğŸ‘¦â€ğŸ‘¦,"famÃ­lia: mulher, mulher, menino e menino"
ğŸ‘©â€ğŸ‘©â€ğŸ‘§,"famÃ­lia: mulher, mulher e menina"
ğŸ‘©â€ğŸ‘©â€ğŸ‘§â€ğŸ‘¦,"famÃ­lia: mulher, mulher, menina e menino"
ğŸ‘©â€ğŸ‘©â€ğŸ‘§â€ğŸ‘§,"famÃ­lia: mulher, mulher, menina e menina"
ğŸ‘ª,famÃ­lia
ğŸ‘«,homem e mulher de mÃ£os dadas
ğŸ‘¬,dois homens de mÃ£os dadas
ğŸ‘­,duas mulheres de mÃ£os dadas
ğŸ’,beijo
ğŸ’‘,casal apaixonado
ğŸ§‘â€ğŸ¤â€ğŸ§‘,pessoas de mÃ£os dadas
ğŸ‘£,pegadas
ğŸ‘¤,silhueta de busto
ğŸ‘¥,silhueta de bustos
ğŸ—£,silhueta falando
ğŸ«‚,pessoas se abraÃ§ando
ğŸ»,pele clara
ğŸ¼,pele morena clara
ğŸ½,pele morena
ğŸ¾,pele morena escura
ğŸ¿,pele escura
ğŸ¦°,cabelo vermelho
ğŸ¦±,cabelo cacheado
ğŸ¦²,careca
ğŸ¦³,cabelo branco
ğŸ€,rato
ğŸ,camundongo
ğŸ‚,boi
ğŸƒ,bÃºfalo-asiÃ¡tico
ğŸ„,vaca
ğŸ…,tigre
ğŸ†,leopardo
ğŸ‡,coelho
ğŸˆ,gato
ğŸˆâ€â¬›,gato preto
ğŸ,cavalo
ğŸ,carneiro
ğŸ,cabra
ğŸ‘,ovelha
ğŸ’,macaco
ğŸ•,cachorro
ğŸ•â€ğŸ¦º,cÃ£o de serviÃ§o
ğŸ–,porco
ğŸ—,javali
ğŸ˜,elefante
ğŸ¨,coala
ğŸ©,poodle
ğŸª,camelo
ğŸ«,camelo com duas corcovas
ğŸ­,rosto de camundongo
ğŸ®,rosto de vaca
ğŸ¯,rosto de tigre
ğŸ°,rosto de coelho
ğŸ±,rosto de gato
ğŸ´,rosto de cavalo
ğŸµ,rosto de macaco
ğŸ¶,rosto de cachorro
ğŸ·,rosto de porco
ğŸ¹,rosto de hamster
ğŸº,rosto de lobo
ğŸ»,rosto de urso
ğŸ»â€â„,urso polar
ğŸ¼,rosto de panda
ğŸ½,nariz de porco
ğŸ¾,patas
ğŸ¿,esquilo
ğŸ¦,rosto de leÃ£o
ğŸ¦„,rosto de unicÃ³rnio
ğŸ¦‡,morcego
ğŸ¦Š,rosto de raposa
ğŸ¦Œ,cervo
ğŸ¦,gorila
ğŸ¦,rinoceronte
ğŸ¦’,girafa
ğŸ¦“,zebra
ğŸ¦”,porco-espinho
ğŸ¦˜,canguru
ğŸ¦™,lhama
ğŸ¦›,hipopÃ³tamo
ğŸ¦,guaxinim
ğŸ¦¡,texugo
ğŸ¦£,mamute
ğŸ¦¥,preguiÃ§a
ğŸ¦¦,lontra
ğŸ¦§,orangotango
ğŸ¦¨,gambÃ¡
ğŸ¦«,castor
ğŸ¦¬,bisÃ£o
ğŸ¦®,cÃ£o-guia
ğŸ“,galo
ğŸ”,galinha
ğŸ£,pintinho chocando
ğŸ¤,pintinho de perfil
ğŸ¥,pintinho de frente
ğŸ¦,pÃ¡ssaro
ğŸ§,pinguim
ğŸ•Š,pomba branca
ğŸ¦ƒ,peru
ğŸ¦…,Ã¡guia
ğŸ¦†,pato
ğŸ¦‰,coruja
ğŸ¦š,pavÃ£o
ğŸ¦œ,papagaio
ğŸ¦¢,cisne
ğŸ¦¤,dodÃ´
ğŸ¦©,flamingo
ğŸª¶,pena
ğŸ¸,sapo
ğŸ‰,dragÃ£o
ğŸŠ,crocodilo
ğŸ,cobra
ğŸ¢,tartaruga
ğŸ²,rosto de dragÃ£o
ğŸ¦,lagartixa
ğŸ¦•,saurÃ³pode
ğŸ¦–,tiranossauro rex
ğŸ‹,baleia
ğŸ™,polvo
ğŸš,caramujo
ğŸŸ,peixe
ğŸ ,peixe tropical
ğŸ¡,baiacu
ğŸ¬,golfinho
ğŸ³,baleia esguichando Ã¡gua
ğŸ¦ˆ,tubarÃ£o
ğŸ¦­,foca
ğŸŒ,caracol
ğŸ›,inseto
ğŸœ,formiga
ğŸ,abelha
ğŸ,joaninha
ğŸ•·,aranha
ğŸ•¸,teia de aranha
ğŸ¦‚,escorpiÃ£o
ğŸ¦‹,borboleta
ğŸ¦—,grilo
ğŸ¦Ÿ,mosquito
ğŸ¦ ,micrÃ³bio
ğŸª°,mosca
ğŸª±,minhoca
ğŸª²,besouro
ğŸª³,barata
ğŸŒ·,tulipa
ğŸŒ¸,flor de cerejeira
ğŸŒ¹,rosa
ğŸŒº,hibisco
ğŸŒ»,girassol
ğŸŒ¼,flor
ğŸµ,roseta
ğŸ’,buquÃª
ğŸ’®,flor branca
ğŸ¥€,flor murcha
â˜˜,trevo
ğŸŒ±,muda de planta
ğŸŒ²,conÃ­fera
ğŸŒ³,Ã¡rvore caidiÃ§a
ğŸŒ´,palmeira
ğŸŒµ,cacto
ğŸŒ¾,planta de arroz
ğŸŒ¿,erva
ğŸ€,trevo de quatro folhas
ğŸ,folha de bordo
ğŸ‚,folhas caÃ­das
ğŸƒ,folha ao vento
ğŸª´,vaso com planta
ğŸ…,tomate
ğŸ‡,uvas
ğŸˆ,melÃ£o
ğŸ‰,melancia
ğŸŠ,tangerina
ğŸ‹,limÃ£o
ğŸŒ,banana
ğŸ,abacaxi
ğŸ,maÃ§Ã£ vermelha
ğŸ,maÃ§Ã£ verde
ğŸ,pera
ğŸ‘,pÃªssego
ğŸ’,cereja
ğŸ“,morango
ğŸ¥,kiwi
ğŸ¥¥,coco
ğŸ¥­,manga
ğŸ«,mirtilos
ğŸ«’,azeitona
ğŸŒ°,castanha
ğŸŒ¶,pimenta
ğŸŒ½,milho
ğŸ„,cogumelo
ğŸ†,berinjela
ğŸ¥‘,abacate
ğŸ¥’,pepino
ğŸ¥”,batata
ğŸ¥•,cenoura
ğŸ¥œ,amendoim
ğŸ¥¦,brÃ³colis
ğŸ¥¬,verdura
ğŸ§„,alho
ğŸ§…,cebola
ğŸ«‘,pimentÃ£o
ğŸŒ­,cachorro-quente
ğŸŒ®,taco
ğŸŒ¯,burrito
ğŸ”,hambÃºrguer
ğŸ•,pizza
ğŸ–,carne
ğŸ—,coxa de frango
ğŸ,pÃ£o
ğŸŸ,batata frita
ğŸ²,panela
ğŸ³,ovo frito
ğŸ¿,pipoca
ğŸ¥,croissant
ğŸ¥“,bacon
ğŸ¥–,baguete
ğŸ¥—,salada verde
ğŸ¥˜,caÃ§arola com comida
ğŸ¥™,pÃ£o recheado
ğŸ¥š,ovo
ğŸ¥,panquecas
ğŸ¥£,tigela com colher
ğŸ¥¨,pretzel
ğŸ¥©,corte de carne
ğŸ¥ª,sanduÃ­che
ğŸ¥«,comida enlatada
ğŸ¥¯,rosca
ğŸ§€,queijo
ğŸ§‚,sal
ğŸ§†,falafel
ğŸ§‡,waffle
ğŸ§ˆ,manteiga
ğŸ«“,pÃ£o sÃ­rio
ğŸ«”,tamale
ğŸ«•,fondue
ğŸ˜,biscoito de arroz
ğŸ™,arroz japonÃªs
ğŸš,arroz cozido
ğŸ›,arroz com curry
ğŸœ,lÃ¡men
ğŸ,espaguete
ğŸ ,batata assada
ğŸ¡,dango
ğŸ¢,oden
ğŸ£,sushi
ğŸ¤,camarÃ£o frito
ğŸ¥,bolinho de peixe
ğŸ±,bentÃ´
ğŸ¥Ÿ,bolinho asiÃ¡tico
ğŸ¥ ,biscoito da sorte
ğŸ¥¡,caixa para viagem
ğŸ¥®,bolo lunar
ğŸ¦€,caranguejo
ğŸ¦,camarÃ£o
ğŸ¦‘,lula
ğŸ¦,lagosta
ğŸ¦ª,ostra
ğŸ¦,sorvete italiano
ğŸ§,raspadinha de gelo
ğŸ¨,sorvete
ğŸ©,donut
ğŸª,biscoito
ğŸ«,chocolate
ğŸ¬,bala
ğŸ­,pirulito
ğŸ®,pudim
ğŸ¯,pote de mel
ğŸ°,pÃ£o de lÃ³ de morango
ğŸ‚,bolo de aniversÃ¡rio
ğŸ¥§,torta
ğŸ§,cupcake
â˜•,cafÃ©
ğŸµ,xÃ­cara de chÃ¡ sem alÃ§a
ğŸ¶,saquÃª
ğŸ·,vinho
ğŸ¸,coquetel
ğŸ¹,bebida tropical
ğŸº,cerveja
ğŸ»,canecas de cerveja
ğŸ¼,mamadeira
ğŸ¾,garrafa de champanhe
ğŸ¥‚,taÃ§as brindando
ğŸ¥ƒ,copo
ğŸ¥›,copo de leite
ğŸ¥¤,copo com canudo
ğŸ§ƒ,suco de caixa
ğŸ§‰,mate
ğŸ§Š,cubo de gelo
ğŸ§‹,chÃ¡ perolado
ğŸ«–,bule
ğŸ´,garfo e faca
ğŸ½,prato com talheres
ğŸº,Ã¢nfora
ğŸ”ª,faca de cozinha
ğŸ¥„,colher
ğŸ¥¢,hashi
ğŸŒ,globo mostrando Europa e Ãfrica
ğŸŒ,globo mostrando as AmÃ©ricas
ğŸŒ,globo mostrando Ãsia e Oceania
ğŸŒ,globo com meridianos
ğŸ—º,mapa-mÃºndi
ğŸ—¾,mapa do JapÃ£o
ğŸ§­,bÃºssola
â›°,montanha
ğŸŒ‹,vulcÃ£o
ğŸ”,montanha com neve
ğŸ•,acampamento
ğŸ–,praia e guarda-sol
ğŸœ,deserto
ğŸ,ilha deserta
ğŸ,parque nacional
ğŸ—»,Monte Fuji
ğŸ—,construÃ§Ã£o
ğŸ˜,casas
ğŸš,casa abandonada
ğŸ›,prÃ©dio grego
ğŸŸ,estÃ¡dio
ğŸ ,casa
ğŸ¡,casa com jardim
ğŸ¢,edifÃ­cio comercial
ğŸ£,correio japonÃªs
ğŸ¤,correio
ğŸ¥,hospital
ğŸ¦,banco
ğŸ¨,hotel
ğŸ©,motel
ğŸª,loja de conveniÃªncia
ğŸ«,escola
ğŸ¬,loja de departamentos
ğŸ­,fÃ¡brica
ğŸ¯,castelo japonÃªs
ğŸ°,castelo
ğŸ’’,capela de casamento
ğŸ—¼,Torre de TÃ³quio
ğŸ—½,EstÃ¡tua da Liberdade
ğŸ›–,cabana
ğŸ§±,tijolo
ğŸª¨,pedra
ğŸªµ,madeira
â›©,santuÃ¡rio japonÃªs
â›ª,igreja
ğŸ•‹,caaba islÃ£
ğŸ•Œ,mesquita
ğŸ•,sinagoga
ğŸ›•,templo hindu
â™¨,chamas
â›²,fonte
â›º,barraca
ğŸŒ,enevoado
ğŸŒƒ,noite estrelada
ğŸŒ„,aurora sobre montanhas
ğŸŒ…,aurora sobre Ã¡gua
ğŸŒ†,cidade ao anoitecer
ğŸŒ‡,pÃ´r do sol
ğŸŒ‰,ponte Ã  noite
ğŸ ,carrossel
ğŸ¡,roda gigante
ğŸ¢,montanha russa
ğŸª,circo
ğŸ™,cidade
ğŸ’ˆ,barbearia
â›½,posto de gasolina
ğŸ,motocicleta
ğŸ,carro de corrida
ğŸš‚,locomotiva
ğŸšƒ,vagÃ£o de trem
ğŸš„,trem de alta velocidade
ğŸš…,trem de alta velocidade japonÃªs
ğŸš†,trem
ğŸš‡,metrÃ´
ğŸšˆ,trem urbano
ğŸš‰,estaÃ§Ã£o
ğŸšŠ,bonde elÃ©trico
ğŸš‹,bonde
ğŸšŒ,Ã´nibus
ğŸš,Ã´nibus se aproximando
ğŸš,trÃ³lebus
ğŸš,ponto de Ã´nibus
ğŸš,van
ğŸš‘,ambulÃ¢ncia
ğŸš’,carro do corpo de bombeiros
ğŸš“,viatura policial
ğŸš”,viatura policial se aproximando
ğŸš•,tÃ¡xi
ğŸš–,tÃ¡xi se aproximando
ğŸš—,carro
ğŸš˜,carro se aproximando
ğŸš™,SUV
ğŸšš,caminhÃ£o de entrega
ğŸš›,caminhÃ£o
ğŸšœ,trator
ğŸš,monotrilho
ğŸš,estrada de ferro na montanha
ğŸš¥,semÃ¡foro horizontal
ğŸš¦,semÃ¡foro vertical
ğŸš§,em construÃ§Ã£o
ğŸš¨,sirene
ğŸš²,bicicleta
ğŸ›‘,sinal de pare
ğŸ›¢,barril de Ã³leo
ğŸ›£,estrada
ğŸ›¤,trilhos
ğŸ›´,patinete
ğŸ›µ,scooter
ğŸ›¹,skate
ğŸ›º,automÃ³vel riquixÃ¡
ğŸ›»,caminhonete
ğŸ›¼,patins de rodas
ğŸ¦¼,cadeira de rodas motorizada
ğŸ¦½,cadeira de rodas manual
âš“,Ã¢ncora
â›´,balsa
â›µ,barco a vela
ğŸš¢,navio
ğŸš¤,lancha
ğŸ›¥,barco
ğŸ›³,cruzeiro
ğŸ›¶,canoa
âœˆ,aviÃ£o
ğŸ’º,assento
ğŸš€,foguete
ğŸš,helicÃ³ptero
ğŸšŸ,estrada de ferro suspensa
ğŸš ,cabo suspenso usado em telefÃ©ricos nas montanhas
ğŸš¡,telefÃ©rico
ğŸ›©,aviÃ£o pequeno
ğŸ›«,aviÃ£o decolando
ğŸ›¬,aviÃ£o aterrissando
ğŸ›°,satÃ©lite
ğŸ›¸,disco voador
ğŸª‚,paraquedas
ğŸ›,sineta
ğŸ§³,mala
âŒš,relÃ³gio de pulso
âŒ›,ampulheta
â°,despertador
â±,cronÃ´metro
â²,relÃ³gio temporizador
â³,ampulheta contando o tempo
ğŸ•,1 hora
ğŸ•‘,2 horas
ğŸ•’,3 horas
ğŸ•“,4 horas
ğŸ•”,5 horas
ğŸ••,6 horas
ğŸ•–,7 horas
ğŸ•—,8 horas
ğŸ•˜,9 horas
ğŸ•™,10 horas
ğŸ•š,11 horas
ğŸ•›,12 horas
ğŸ•œ,uma e meia
ğŸ•,duas e meia
ğŸ•,trÃªs e meia
ğŸ•Ÿ,quatro e meia
ğŸ• ,cinco e meia
ğŸ•¡,seis e meia
ğŸ•¢,sete e meia
ğŸ•£,oito e meia
ğŸ•¤,nove e meia
ğŸ•¥,dez e meia
ğŸ•¦,onze e meia
ğŸ•§,doze e meia
ğŸ•°,relÃ³gio de mesa
â˜€,sol
â˜,nuvem
â˜‚,guarda-chuva
â˜ƒ,boneco de neve
â˜„,cometa
â˜”,sombrinha na chuva
âš¡,alta tensÃ£o
â›„,boneco de neve sem neve
â›…,sol por trÃ¡s das nuvens
â›ˆ,chuva com trovÃ£o
â›±,guarda-sol
â„,floco de neve
â­,estrela branca mÃ©dia
ğŸŒ€,ciclone
ğŸŒ‚,guarda-chuva fechado
ğŸŒˆ,arco-Ã­ris
ğŸŒŠ,onda
ğŸŒŒ,via lÃ¡ctea
ğŸŒ‘,lua nova
ğŸŒ’,lua crescente cÃ´ncava
ğŸŒ“,quarto crescente
ğŸŒ”,lua crescente convexa
ğŸŒ•,lua cheia
ğŸŒ–,lua minguante convexa
ğŸŒ—,quarto minguante
ğŸŒ˜,lua minguante cÃ´ncava
ğŸŒ™,lua crescente
ğŸŒš,rosto da lua nova
ğŸŒ›,rosto da lua de quarto crescente
ğŸŒœ,rosto da lua de quarto minguante
ğŸŒ,rosto da lua cheia
ğŸŒ,rosto do sol
ğŸŒŸ,estrela brilhante
ğŸŒ ,estrela cadente
ğŸŒ¡,termÃ´metro
ğŸŒ¤,sol com nuvens
ğŸŒ¥,nublado
ğŸŒ¦,sol com chuva
ğŸŒ§,nuvem com chuva
ğŸŒ¨,nuvem com neve
ğŸŒ©,nuvem com trovÃ£o
ğŸŒª,tornado
ğŸŒ«,nevoeiro
ğŸŒ¬,rosto de vento
ğŸ’§,gota
ğŸ”¥,fogo
ğŸª,planeta com anÃ©is
âœ¨,brilhos
ğŸ€,laÃ§o de fita
ğŸ,presente
ğŸƒ,abÃ³bora de halloween
ğŸ„,Ã¡rvore de natal
ğŸ†,fogos de artifÃ­cio
ğŸ‡,vela estrela
ğŸˆ,balÃ£o
ğŸ‰,cone de festa
ğŸŠ,confete
ğŸ‹,Ã¡rvore de tanabata
ğŸ,decoraÃ§Ã£o de pinhos
ğŸ,bonecas japonesas
ğŸ,bandeira de carpas
ğŸ,carrilhÃ£o de vento
ğŸ‘,contemplaÃ§Ã£o da lua
ğŸ—,fita de lembrete
ğŸŸ,ingresso de cinema
ğŸ«,ingresso
ğŸ§§,envelope vermelho
ğŸ§¨,bombinha
ğŸ–,medalha militar
ğŸ…,medalha esportiva
ğŸ†,trofÃ©u
ğŸ¥‡,medalha de ouro
ğŸ¥ˆ,medalha de prata
ğŸ¥‰,medalha de bronze
âš½,bola de futebol
âš¾,bola de beisebol
â›³,bandeira no buraco
â›¸,patins de gelo
ğŸ£,pesca
ğŸ³,boliche
ğŸ½,camiseta de corrida
ğŸ¾,tÃªnis
ğŸ¿,esqui
ğŸ€,bola de basquete
ğŸˆ,bola de futebol americano
ğŸ‰,bola de rugby
ğŸ,crÃ­quete
ğŸ,bola de vÃ´lei
ğŸ‘,hÃ³quei de campo
ğŸ’,hÃ³quei no gelo
ğŸ“,pingue-pongue
ğŸ¸,badminton
ğŸ›·,trenÃ³
ğŸ¤¿,mÃ¡scara de mergulho
ğŸ¥…,gol
ğŸ¥Š,luva de boxe
ğŸ¥‹,quimono de artes marciais
ğŸ¥Œ,pedra de curling
ğŸ¥,lacrosse
ğŸ¥,softbol
ğŸ¥,frisbee
â™Ÿ,peÃ£o de xadrez
â™ ,naipe de espadas
â™£,naipe de paus
â™¥,naipe de copas
â™¦,naipe de ouros
ğŸ€„,dragÃ£o vermelho de mahjong
ğŸƒ,curinga
ğŸ®,videogame
ğŸ¯,no alvo
ğŸ°,caÃ§a-nÃ­quel
ğŸ±,bilhar
ğŸ²,jogo de dado
ğŸ´,carta de flores
ğŸ”®,bola de cristal
ğŸ•¹,joystick
ğŸ§©,quebra-cabeÃ§a
ğŸ§¸,ursinho de pelÃºcia
ğŸ§¿,olho grego
ğŸª€,ioiÃ´
ğŸª,pipa
ğŸª„,varinha mÃ¡gica
ğŸª…,pinhata
ğŸª†,boneca russa
ğŸ¨,paleta de tintas
ğŸ­,mÃ¡scara
ğŸ–¼,quadro emoldurado
ğŸ§µ,carretel
ğŸ§¶,novelo
ğŸª¡,agulha de costura
ğŸª¢,nÃ³
â›‘,capacacete de socorrista
ğŸ’,mochila
ğŸ“,chapÃ©u de formatura
ğŸ©,cartola
ğŸ‘‘,coroa
ğŸ‘’,chapÃ©u feminino
ğŸ‘“,Ã³culos
ğŸ‘”,gravata
ğŸ‘•,camiseta
ğŸ‘–,jeans
ğŸ‘—,vestido
ğŸ‘˜,quimono
ğŸ‘™,biquÃ­ni
ğŸ‘š,roupas femininas
ğŸ‘›,bolsinha
ğŸ‘œ,bolsa de mÃ£o
ğŸ‘,bolsa pequena
ğŸ‘,sapato masculino
ğŸ‘Ÿ,tÃªnis de corrida
ğŸ‘ ,sapato de salto alto
ğŸ‘¡,sandÃ¡lia feminina
ğŸ‘¢,bota feminina
ğŸ’„,batom
ğŸ’,anel
ğŸ’,pedra preciosa
ğŸ“¿,rosÃ¡rio de oraÃ§Ã£o
ğŸ•¶,Ã³culos escuros
ğŸ›,sacolas de compras
ğŸ¥»,sari
ğŸ¥¼,jaleco
ğŸ¥½,Ã³culos de proteÃ§Ã£o
ğŸ¥¾,bota de trekking
ğŸ¥¿,sapatilha
ğŸ¦º,colete salva-vidas
ğŸ§¢,bonÃ©
ğŸ§£,cachecol
ğŸ§¤,luvas
ğŸ§¥,casaco
ğŸ§¦,meias
ğŸ©°,sapatilha de balÃ©
ğŸ©±,maiÃ´
ğŸ©²,cueca
ğŸ©³,shorts
ğŸ©´,chinelo
ğŸª–,capacete militar
ğŸ“¢,buzina
ğŸ“£,megafone
ğŸ“¯,corneta postal
ğŸ”‡,alto-falante silenciado
ğŸ”ˆ,alto-falante com volume baixo
ğŸ”‰,alto-falante com volume mÃ©dio
ğŸ”Š,alto-falante com volume alto
ğŸ””,sino
ğŸ”•,sino silenciado
ğŸ™,microfone de estÃºdio
ğŸš,controle de volume
ğŸ›,botÃµes giratÃ³rios
ğŸ¤,microfone
ğŸ§,fones de ouvido
ğŸµ,nota musical
ğŸ¶,notas musicais
ğŸ¼,partitura musical
ğŸ“»,rÃ¡dio
ğŸ·,saxofone
ğŸ¸,guitarra
ğŸ¹,teclado musical
ğŸº,trompete
ğŸ»,violino
ğŸ¥,tambor
ğŸª•,banjo
ğŸª—,acordeÃ£o
ğŸª˜,tambor comprido
â˜,telefone no gancho
ğŸ“,telefone
ğŸ“Ÿ,pager
ğŸ“ ,fax
ğŸ“±,telefone celular
ğŸ“²,telefone celular com seta
âŒ¨,teclado
ğŸ’»,laptop
ğŸ’½,minidisc
ğŸ’¾,disquete
ğŸ’¿,cd
ğŸ“€,DVD
ğŸ”‹,pilha
ğŸ”Œ,tomada elÃ©trica
ğŸ–¥,computador de mesa
ğŸ–¨,impressora
ğŸ–±,mouse
ğŸ–²,trackball
ğŸ§®,Ã¡baco
ğŸ,rolo de filmes
ğŸ¥,cÃ¢mera de cinema
ğŸ¬,claquete
ğŸ®,lanterna vermelha de papel
ğŸ’¡,lÃ¢mpada
ğŸ“·,cÃ¢mera
ğŸ“¸,cÃ¢mera com flash
ğŸ“¹,cÃ¢mera de vÃ­deo
ğŸ“º,televisÃ£o
ğŸ“¼,videocassete
ğŸ“½,projetor de filmes
ğŸ”,lupa para a esquerda
ğŸ”,lupa para a direita
ğŸ”¦,lanterna
ğŸ•¯,vela
ğŸª”,lÃ¢mpada de Ã³leo
ğŸ·,etiqueta
ğŸ“ƒ,pÃ¡gina dobrada
ğŸ“„,pÃ¡gina voltada para cima
ğŸ“‘,marcadores de pÃ¡gina
ğŸ“’,livro contÃ¡bil
ğŸ““,caderno
ğŸ“”,caderno decorado
ğŸ“•,livro fechado
ğŸ“–,livro aberto
ğŸ“—,livro verde
ğŸ“˜,livro azul
ğŸ“™,livro laranja
ğŸ“š,livros
ğŸ“œ,pergaminho
ğŸ“°,jornal
ğŸ”–,marcador de pÃ¡gina
ğŸ—,jornal enrolado
ğŸ’°,saco de dinheiro
ğŸ’³,cartÃ£o de crÃ©dito
ğŸ’´,nota de iene
ğŸ’µ,nota de dÃ³lar
ğŸ’¶,nota de euro
ğŸ’·,nota de libra
ğŸ’¸,dinheiro voando
ğŸ’¹,grÃ¡fico subindo com iene
ğŸ§¾,recibo
ğŸª™,moeda
âœ‰,envelope
ğŸ“¤,bandeja de saÃ­da
ğŸ“¥,bandeja de entrada
ğŸ“¦,pacote
ğŸ“§,e-mail
ğŸ“¨,envelope chegando
ğŸ“©,envelope com seta
ğŸ“ª,caixa de correio fechada com bandeira abaixada
ğŸ“«,caixa de correio fechada com bandeira levantada
ğŸ“¬,caixa de correio aberta com bandeira levantada
ğŸ“­,caixa de correio aberta com bandeira abaixada
ğŸ“®,caixa de correio
ğŸ—³,urna eleitoral com cÃ©dula
âœ,lÃ¡pis
âœ’,ponta de caneta tinteiro
ğŸ“,memorando
ğŸ–Š,caneta
ğŸ–‹,caneta tinteiro
ğŸ–Œ,pincel
ğŸ–,giz de cera
âœ‚,tesoura
ğŸ’¼,maleta
ğŸ“,pasta de arquivos
ğŸ“‚,pasta de arquivos aberta
ğŸ“…,calendÃ¡rio
ğŸ“†,calendÃ¡rio com folhas destacÃ¡veis
ğŸ“‡,Ã­ndice de cartÃµes
ğŸ“ˆ,grÃ¡fico subindo
ğŸ“‰,grÃ¡fico caindo
ğŸ“Š,grÃ¡fico de barras
ğŸ“‹,prancheta
ğŸ“Œ,tacha
ğŸ“,tacha redonda
ğŸ“,clipe de papel
ğŸ“,rÃ©gua reta
ğŸ“,rÃ©gua triangular
ğŸ–‡,clipes de papel conectados
ğŸ—‚,divisores de pastas
ğŸ—ƒ,caixa de arquivos
ğŸ—„,gavetas de escritÃ³rio
ğŸ—‘,lixeira
ğŸ—’,bloco espiral
ğŸ—“,calendÃ¡rio espiral
ğŸ”,cadeado com caneta
ğŸ”,cadeado fechado com chave
ğŸ”‘,chave
ğŸ”’,cadeado
ğŸ”“,cadeado aberto
ğŸ—,chave antiga
âš’,martelo e picareta
âš”,espadas cruzadas
âš–,balanÃ§a
âš™,engrenagem
â›,picareta
â›“,correntes
ğŸ¹,arco e flecha
ğŸ”—,link
ğŸ”§,chave inglesa
ğŸ”¨,martelo
ğŸ”©,porca e parafuso
ğŸ”«,pistola dâ€™Ã¡gua
ğŸ—œ,braÃ§adeira
ğŸ—¡,adaga
ğŸ› ,martelo e chave-inglesa
ğŸ›¡,escudo
ğŸ¦¯,bengala para cegos
ğŸ§°,caixa de ferramentas
ğŸ§²,Ã­mÃ£
ğŸªƒ,bumerangue
ğŸª“,machado
ğŸªš,serrote
ğŸª›,chave de fenda
ğŸªœ,escada
ğŸª,gancho
âš—,alambique
ğŸ“¡,antena parabÃ³lica
ğŸ”¬,microscÃ³pio
ğŸ”­,telescÃ³pio
ğŸ§ª,tubo de ensaio
ğŸ§«,placa de Petri
ğŸ§¬,dna
ğŸ’‰,seringa
ğŸ’Š,comprimido
ğŸ©¸,gota de sangue
ğŸ©¹,atadura adesiva
ğŸ©º,estetoscÃ³pio
ğŸšª,porta
ğŸš½,vaso sanitÃ¡rio
ğŸš¿,chuveiro
ğŸ›,banheira
ğŸ›‹,sofÃ¡ e luminÃ¡ria
ğŸ›,cama
ğŸ›’,carrinho de compras
ğŸ›—,elevador
ğŸ§¯,extintor de incÃªndio
ğŸ§´,frasco de loÃ§Ã£o
ğŸ§·,alfinete de seguranÃ§a
ğŸ§¹,vassoura
ğŸ§º,cesta
ğŸ§»,rolo de papel
ğŸ§¼,sabonete
ğŸ§½,esponja
ğŸª‘,cadeira
ğŸª’,lÃ¢mina
ğŸª,espelho
ğŸªŸ,janela
ğŸª ,desentupidor
ğŸª£,balde
ğŸª¤,ratoeira
ğŸª¥,escova de dentes
âš°,caixÃ£o
âš±,urna funerÃ¡ria
ğŸ—¿,moai
ğŸš¬,cigarro
ğŸª¦,lÃ¡pide
ğŸª§,placa
â™¿,sÃ­mbolo de cadeira de rodas
ğŸ§,sÃ­mbolo de caixa automÃ¡tico
ğŸš®,sÃ­mbolo de lixeira
ğŸš°,Ã¡gua potÃ¡vel
ğŸš¹,banheiro masculino
ğŸšº,banheiro feminino
ğŸš»,banheiro
ğŸš¼,sÃ­mbolo de bebÃª
ğŸš¾,WC
ğŸ›‚,controle de passaportes
ğŸ›ƒ,alfÃ¢ndega
ğŸ›„,restituiÃ§Ã£o de bagagem
ğŸ›…,depÃ³sito de bagagem
â˜¢,radioativo
â˜£,risco biolÃ³gico
âš ,aviso
â›”,entrada proibida
ğŸ“µ,proibido o uso de telefone celular
ğŸ”,proibido para menores de 18 anos
ğŸš«,proibido
ğŸš­,proibido fumar
ğŸš¯,proibido jogar lixo no chÃ£o
ğŸš±,Ã¡gua nÃ£o potÃ¡vel
ğŸš³,proibido andar de bicicleta
ğŸš·,proibida a passagem de pedestres
ğŸš¸,crianÃ§as atravessando
â†”,seta para esquerda e direita
â†•,seta para cima e para baixo
â†–,seta para cima e para a esquerda
â†—,seta para cima e para a direita
â†˜,seta para baixo e para a direita
â†™,seta para baixo e para a esquerda
â†©,seta curva da direita para a esquerda
â†ª,seta curva da esquerda para a direita
â¡,seta para a direita
â¤´,seta para a direita curvada para cima
â¤µ,seta para a direita curvada para baixo
â¬…,seta para a esquerda
â¬†,seta para cima
â¬‡,seta para baixo
ğŸ”ƒ,setas verticais no sentido horÃ¡rio
ğŸ”„,botÃ£o de setas em sentido anti-horÃ¡rio
ğŸ”™,"seta ""BACK"""
ğŸ”š,"seta ""END"""
ğŸ”›,"seta ""ON!"""
ğŸ”œ,"seta ""SOON"""
ğŸ”,"seta ""TOP"""
â˜¦,cruz ortodoxa
â˜ª,estrela e lua crescente
â˜®,sÃ­mbolo da paz
â˜¯,yin yang
â˜¸,roda do Dharma
âš›,sÃ­mbolo de Ã¡tomo
âœ,cruz latina
âœ¡,estrela de Davi
ğŸ”¯,estrela de seis pontas
ğŸ•‰,om
ğŸ•,menorÃ¡
ğŸ›,local de culto
â™ˆ,signo de Ãries
â™‰,signo de Touro
â™Š,signo de GÃªmeos
â™‹,signo de CÃ¢ncer
â™Œ,signo de LeÃ£o
â™,signo de Virgem
â™,signo de Libra
â™,signo de EscorpiÃ£o
â™,signo de SagitÃ¡rio
â™‘,signo de CapricÃ³rnio
â™’,signo de AquÃ¡rio
â™“,signo de Peixes
â›,signo de OfiÃºco
â,botÃ£o ejetar
â©,botÃ£o avanÃ§ar
âª,botÃ£o de retroceder
â«,botÃ£o de avanÃ§o para cima
â¬,botÃ£o de avanÃ§o para baixo
â­,botÃ£o de prÃ³xima faixa
â®,botÃ£o de faixa anterior
â¯,botÃ£o de reproduzir ou pausar
â¸,botÃ£o pausar
â¹,botÃ£o parar
âº,botÃ£o gravar
â–¶,botÃ£o reproduzir
â—€,botÃ£o de voltar
ğŸ¦,cinema
ğŸ“³,modo vibratÃ³rio
ğŸ“´,telefone celular desligado
ğŸ“¶,barras de sinal
ğŸ”€,botÃ£o de mÃºsicas aleatÃ³rias
ğŸ”,botÃ£o de repetir
ğŸ”‚,botÃ£o de repetir uma Ãºnica faixa
ğŸ”…,botÃ£o de diminuir brilho
ğŸ”†,botÃ£o de aumentar brilho
ğŸ”¼,botÃ£o apontando para cima
ğŸ”½,botÃ£o apontando para baixo
â™€,sÃ­mbolo de feminino
â™‚,sÃ­mbolo de masculino
âš§,sÃ­mbolo transgÃªnero
Â©,sÃ­mbolo de copyright
Â®,sÃ­mbolo de registrado
â€¼,dupla exclamaÃ§Ã£o
â‰,exclamaÃ§Ã£o com interrogaÃ§Ã£o
â„¢,sÃ­mbolo de marca registrada
â˜‘,caixa de seleÃ§Ã£o marcada com tique
â™»,sÃ­mbolo de reciclagem
â™¾,infinito
âš•,sÃ­mbolo da medicina
âšœ,flor-de-lis
âœ…,marca de seleÃ§Ã£o branca
âœ”,marca de seleÃ§Ã£o
âœ–,sinal de multiplicaÃ§Ã£o
âœ³,asterisco de oito pontas
âœ´,estrela de oito pontas
â‡,faÃ­sca
âŒ,xis
â,botÃ£o de xis
â“,ponto de interrogaÃ§Ã£o vermelho
â”,ponto de interrogaÃ§Ã£o branco
â•,ponto de exclamaÃ§Ã£o branco
â—,ponto de exclamaÃ§Ã£o vermelho
â•,sÃ­mbolo de adiÃ§Ã£o
â–,sÃ­mbolo de subtraÃ§Ã£o
â—,sÃ­mbolo de divisÃ£o
â°,laÃ§o encaracolado
â¿,loop encaracolado duas vezes
â­•,cÃ­rculo grande oco
ã€°,travessÃ£o ondulado
ã€½,sinal japonÃªs indicando inÃ­cio de mÃºsica
ğŸ’±,cÃ¢mbio de moeda
ğŸ’²,cifrÃ£o
ğŸ“›,crachÃ¡
ğŸ”°,sÃ­mbolo japonÃªs de principiante
ğŸ”±,emblema de tridente
#âƒ£,tecla: #
*âƒ£,tecla: *
0âƒ£,tecla: 0
1âƒ£,tecla: 1
2âƒ£,tecla: 2
3âƒ£,tecla: 3
4âƒ£,tecla: 4
5âƒ£,tecla: 5
6âƒ£,tecla: 6
7âƒ£,tecla: 7
8âƒ£,tecla: 8
9âƒ£,tecla: 9
ğŸ”Ÿ,tecla: 10
â„¹,informaÃ§Ãµes
â“‚,cÃ­rculo com a letra M
ãŠ—,botÃ£o japonÃªs de â€œparabÃ©nsâ€
ãŠ™,botÃ£o japonÃªs de â€œsegredoâ€
ğŸ…°,botÃ£o A (tipo sanguÃ­neo)
ğŸ…±,botÃ£o B (tipo sanguÃ­neo)
ğŸ…¾,botÃ£o O (tipo sanguÃ­neo)
ğŸ…¿,botÃ£o P
ğŸ†,botÃ£o AB (tipo sanguÃ­neo)
ğŸ†‘,botÃ£o CL
ğŸ†’,"botÃ£o ""COOL"""
ğŸ†“,"botÃ£o ""FREE"""
ğŸ†”,botÃ£o ID
ğŸ†•,"botÃ£o ""NEW"""
ğŸ†–,botÃ£o NG
ğŸ†—,botÃ£o OK
ğŸ†˜,botÃ£o SOS
ğŸ†™,"botÃ£o ""UP!"""
ğŸ†š,botÃ£o VS
ğŸˆ,botÃ£o japonÃªs de â€œaquiâ€
ğŸˆ‚,botÃ£o japonÃªs de â€œtaxa de serviÃ§oâ€
ğŸˆš,botÃ£o japonÃªs de â€œgratuitoâ€
ğŸˆ¯,botÃ£o japonÃªs de â€œreservadoâ€
ğŸˆ²,botÃ£o japonÃªs de â€œproibidoâ€
ğŸˆ³,botÃ£o japonÃªs de â€œvagoâ€
ğŸˆ´,botÃ£o japonÃªs de â€œnota mÃ­nimaâ€
ğŸˆµ,botÃ£o japonÃªs de â€œsem vagasâ€
ğŸˆ¶,botÃ£o japonÃªs de â€œnÃ£o gratuitoâ€
ğŸˆ·,botÃ£o japonÃªs de â€œquantidade mensalâ€
ğŸˆ¸,botÃ£o japonÃªs de â€œaplicaÃ§Ã£oâ€
ğŸˆ¹,botÃ£o japonÃªs de â€œdescontoâ€
ğŸˆº,botÃ£o japonÃªs de â€œaberto para negÃ³ciosâ€
ğŸ‰,botÃ£o japonÃªs de â€œbarganhaâ€
ğŸ‰‘,botÃ£o japonÃªs de â€œaceitÃ¡velâ€
ğŸ” ,letras latinas maiÃºsculas
ğŸ”¡,letras latinas minÃºsculas
ğŸ”¢,nÃºmeros
ğŸ”£,sÃ­mbolos
ğŸ”¤,letras latinas
â–ª,quadrado preto pequeno
â–«,quadrado branco pequeno
â—»,quadrado branco mÃ©dio
â—¼,quadrado preto mÃ©dio
â—½,quadrado branco mÃ©dio menor
â—¾,quadrado preto mÃ©dio menor
âšª,cÃ­rculo branco
âš«,cÃ­rculo preto
â¬›,quadrado preto grande
â¬œ,quadrado branco grande
ğŸ’ ,diamante com um ponto
ğŸ”˜,botÃ£o de opÃ§Ã£o
ğŸ”²,botÃ£o quadrado preto
ğŸ”³,botÃ£o quadrado branco
ğŸ”´,cÃ­rculo vermelho
ğŸ”µ,cÃ­rculo azul
ğŸ”¶,losango laranja grande
ğŸ”·,losango azul grande
ğŸ”¸,losango laranja pequeno
ğŸ”¹,losango azul pequeno
ğŸ”º,triÃ¢ngulo vermelho para cima
ğŸ”»,triÃ¢ngulo vermelho para baixo
ğŸŸ ,cÃ­rculo laranja
ğŸŸ¡,cÃ­rculo amarelo
ğŸŸ¢,cÃ­rculo verde
ğŸŸ£,cÃ­rculo roxo
ğŸŸ¤,cÃ­rculo marrom
ğŸŸ¥,quadrado vermelho
ğŸŸ¦,quadrado azul
ğŸŸ§,quadrado laranja
ğŸŸ¨,quadrado amarelo
ğŸŸ©,quadrado verde
ğŸŸª,quadrado roxo
ğŸŸ«,quadrado marrom
ğŸŒ,bandeiras cruzadas
ğŸ,bandeira quadriculada
ğŸ³,bandeira branca
ğŸ³â€âš§,bandeira transgÃªnero
ğŸ³â€ğŸŒˆ,bandeira do arco-Ã­ris
ğŸ´,bandeira preta
ğŸ´â€â˜ ,bandeira de pirata
ğŸš©,bandeira triangular
ğŸ‡¦ğŸ‡¨,bandeira: Ilha de AscensÃ£o
ğŸ‡¦ğŸ‡©,bandeira: Andorra
ğŸ‡¦ğŸ‡ª,bandeira: Emirados Ãrabes Unidos
ğŸ‡¦ğŸ‡«,bandeira: AfeganistÃ£o
ğŸ‡¦ğŸ‡¬,bandeira: AntÃ­gua e Barbuda
ğŸ‡¦ğŸ‡®,bandeira: Anguila
ğŸ‡¦ğŸ‡±,bandeira: AlbÃ¢nia
ğŸ‡¦ğŸ‡²,bandeira: ArmÃªnia
ğŸ‡¦ğŸ‡´,bandeira: Angola
ğŸ‡¦ğŸ‡¶,bandeira: AntÃ¡rtida
ğŸ‡¦ğŸ‡·,bandeira: Argentina
ğŸ‡¦ğŸ‡¸,bandeira: Samoa Americana
ğŸ‡¦ğŸ‡¹,bandeira: Ãustria
ğŸ‡¦ğŸ‡º,bandeira: AustrÃ¡lia
ğŸ‡¦ğŸ‡¼,bandeira: Aruba
ğŸ‡¦ğŸ‡½,bandeira: Ilhas Aland
ğŸ‡¦ğŸ‡¿,bandeira: AzerbaijÃ£o
ğŸ‡§ğŸ‡¦,bandeira: BÃ³snia e Herzegovina
ğŸ‡§ğŸ‡§,bandeira: Barbados
ğŸ‡§ğŸ‡©,bandeira: Bangladesh
ğŸ‡§ğŸ‡ª,bandeira: BÃ©lgica
ğŸ‡§ğŸ‡«,bandeira: Burquina Faso
ğŸ‡§ğŸ‡¬,bandeira: BulgÃ¡ria
ğŸ‡§ğŸ‡­,bandeira: Barein
ğŸ‡§ğŸ‡®,bandeira: Burundi
ğŸ‡§ğŸ‡¯,bandeira: Benin
ğŸ‡§ğŸ‡±,bandeira: SÃ£o Bartolomeu
ğŸ‡§ğŸ‡²,bandeira: Bermudas
ğŸ‡§ğŸ‡³,bandeira: Brunei
ğŸ‡§ğŸ‡´,bandeira: BolÃ­via
ğŸ‡§ğŸ‡¶,bandeira: PaÃ­ses Baixos Caribenhos
ğŸ‡§ğŸ‡·,bandeira: Brasil
ğŸ‡§ğŸ‡¸,bandeira: Bahamas
ğŸ‡§ğŸ‡¹,bandeira: ButÃ£o
ğŸ‡§ğŸ‡»,bandeira: Ilha Bouvet
ğŸ‡§ğŸ‡¼,bandeira: Botsuana
ğŸ‡§ğŸ‡¾,bandeira: BielorrÃºssia
ğŸ‡§ğŸ‡¿,bandeira: Belize
ğŸ‡¨ğŸ‡¦,bandeira: CanadÃ¡
ğŸ‡¨ğŸ‡¨,bandeira: Ilhas Cocos (Keeling)
ğŸ‡¨ğŸ‡©,bandeira: Congo - Kinshasa
ğŸ‡¨ğŸ‡«,bandeira: RepÃºblica Centro-Africana
ğŸ‡¨ğŸ‡¬,bandeira: RepÃºblica do Congo
ğŸ‡¨ğŸ‡­,bandeira: SuÃ­Ã§a
ğŸ‡¨ğŸ‡®,bandeira: Costa do Marfim
ğŸ‡¨ğŸ‡°,bandeira: Ilhas Cook
ğŸ‡¨ğŸ‡±,bandeira: Chile
ğŸ‡¨ğŸ‡²,bandeira: CamarÃµes
ğŸ‡¨ğŸ‡³,bandeira: China
ğŸ‡¨ğŸ‡´,bandeira: ColÃ´mbia
ğŸ‡¨ğŸ‡µ,bandeira: Ilha de Clipperton
ğŸ‡¨ğŸ‡·,bandeira: Costa Rica
ğŸ‡¨ğŸ‡º,bandeira: Cuba
ğŸ‡¨ğŸ‡»,bandeira: Cabo Verde
ğŸ‡¨ğŸ‡¼,bandeira: CuraÃ§ao
ğŸ‡¨ğŸ‡½,bandeira: Ilha Christmas
ğŸ‡¨ğŸ‡¾,bandeira: Chipre
ğŸ‡¨ğŸ‡¿,bandeira: TchÃ©quia
ğŸ‡©ğŸ‡ª,bandeira: Alemanha
ğŸ‡©ğŸ‡¬,bandeira: Diego Garcia
ğŸ‡©ğŸ‡¯,bandeira: Djibuti
ğŸ‡©ğŸ‡°,bandeira: Dinamarca
ğŸ‡©ğŸ‡²,bandeira: Dominica
ğŸ‡©ğŸ‡´,bandeira: RepÃºblica Dominicana
ğŸ‡©ğŸ‡¿,bandeira: ArgÃ©lia
ğŸ‡ªğŸ‡¦,bandeira: Ceuta e Melilla
ğŸ‡ªğŸ‡¨,bandeira: Equador
ğŸ‡ªğŸ‡ª,bandeira: EstÃ´nia
ğŸ‡ªğŸ‡¬,bandeira: Egito
ğŸ‡ªğŸ‡­,bandeira: Saara Ocidental
ğŸ‡ªğŸ‡·,bandeira: Eritreia
ğŸ‡ªğŸ‡¸,bandeira: Espanha
ğŸ‡ªğŸ‡¹,bandeira: EtiÃ³pia
ğŸ‡ªğŸ‡º,bandeira: UniÃ£o Europeia
ğŸ‡«ğŸ‡®,bandeira: FinlÃ¢ndia
ğŸ‡«ğŸ‡¯,bandeira: Fiji
ğŸ‡«ğŸ‡°,bandeira: Ilhas Malvinas
ğŸ‡«ğŸ‡²,bandeira: MicronÃ©sia
ğŸ‡«ğŸ‡´,bandeira: Ilhas FaroÃ©
ğŸ‡«ğŸ‡·,bandeira: FranÃ§a
ğŸ‡¬ğŸ‡¦,bandeira: GabÃ£o
ğŸ‡¬ğŸ‡§,bandeira: Reino Unido
ğŸ‡¬ğŸ‡©,bandeira: Granada
ğŸ‡¬ğŸ‡ª,bandeira: GeÃ³rgia
ğŸ‡¬ğŸ‡«,bandeira: Guiana Francesa
ğŸ‡¬ğŸ‡¬,bandeira: Guernsey
ğŸ‡¬ğŸ‡­,bandeira: Gana
ğŸ‡¬ğŸ‡®,bandeira: Gibraltar
ğŸ‡¬ğŸ‡±,bandeira: GroenlÃ¢ndia
ğŸ‡¬ğŸ‡²,bandeira: GÃ¢mbia
ğŸ‡¬ğŸ‡³,bandeira: GuinÃ©
ğŸ‡¬ğŸ‡µ,bandeira: Guadalupe
ğŸ‡¬ğŸ‡¶,bandeira: GuinÃ© Equatorial
ğŸ‡¬ğŸ‡·,bandeira: GrÃ©cia
ğŸ‡¬ğŸ‡¸,bandeira: Ilhas GeÃ³rgia do Sul e Sandwich do Sul
ğŸ‡¬ğŸ‡¹,bandeira: Guatemala
ğŸ‡¬ğŸ‡º,bandeira: Guam
ğŸ‡¬ğŸ‡¼,bandeira: GuinÃ©-Bissau
ğŸ‡¬ğŸ‡¾,bandeira: Guiana
ğŸ‡­ğŸ‡°,"bandeira: Hong Kong, RAE da China"
ğŸ‡­ğŸ‡²,bandeira: Ilhas Heard e McDonald
ğŸ‡­ğŸ‡³,bandeira: Honduras
ğŸ‡­ğŸ‡·,bandeira: CroÃ¡cia
ğŸ‡­ğŸ‡¹,bandeira: Haiti
ğŸ‡­ğŸ‡º,bandeira: Hungria
ğŸ‡®ğŸ‡¨,bandeira: Ilhas CanÃ¡rias
ğŸ‡®ğŸ‡©,bandeira: IndonÃ©sia
ğŸ‡®ğŸ‡ª,bandeira: Irlanda
ğŸ‡®ğŸ‡±,bandeira: Israel
ğŸ‡®ğŸ‡²,bandeira: Ilha de Man
ğŸ‡®ğŸ‡³,bandeira: Ãndia
ğŸ‡®ğŸ‡´,bandeira: TerritÃ³rio BritÃ¢nico do Oceano Ãndico
ğŸ‡®ğŸ‡¶,bandeira: Iraque
ğŸ‡®ğŸ‡·,bandeira: IrÃ£
ğŸ‡®ğŸ‡¸,bandeira: IslÃ¢ndia
ğŸ‡®ğŸ‡¹,bandeira: ItÃ¡lia
ğŸ‡¯ğŸ‡ª,bandeira: Jersey
ğŸ‡¯ğŸ‡²,bandeira: Jamaica
ğŸ‡¯ğŸ‡´,bandeira: JordÃ¢nia
ğŸ‡¯ğŸ‡µ,bandeira: JapÃ£o
ğŸ‡°ğŸ‡ª,bandeira: QuÃªnia
ğŸ‡°ğŸ‡¬,bandeira: QuirguistÃ£o
ğŸ‡°ğŸ‡­,bandeira: Camboja
ğŸ‡°ğŸ‡®,bandeira: Quiribati
ğŸ‡°ğŸ‡²,bandeira: Comores
ğŸ‡°ğŸ‡³,bandeira: SÃ£o CristÃ³vÃ£o e NÃ©vis
ğŸ‡°ğŸ‡µ,bandeira: Coreia do Norte
ğŸ‡°ğŸ‡·,bandeira: Coreia do Sul
ğŸ‡°ğŸ‡¼,bandeira: Kuwait
ğŸ‡°ğŸ‡¾,bandeira: Ilhas Cayman
ğŸ‡°ğŸ‡¿,bandeira: CazaquistÃ£o
ğŸ‡±ğŸ‡¦,bandeira: Laos
ğŸ‡±ğŸ‡§,bandeira: LÃ­bano
ğŸ‡±ğŸ‡¨,bandeira: Santa LÃºcia
ğŸ‡±ğŸ‡®,bandeira: Liechtenstein
ğŸ‡±ğŸ‡°,bandeira: Sri Lanka
ğŸ‡±ğŸ‡·,bandeira: LibÃ©ria
ğŸ‡±ğŸ‡¸,bandeira: Lesoto
ğŸ‡±ğŸ‡¹,bandeira: LituÃ¢nia
ğŸ‡±ğŸ‡º,bandeira: Luxemburgo
ğŸ‡±ğŸ‡»,bandeira: LetÃ´nia
ğŸ‡±ğŸ‡¾,bandeira: LÃ­bia
ğŸ‡²ğŸ‡¦,bandeira: Marrocos
ğŸ‡²ğŸ‡¨,bandeira: MÃ´naco
ğŸ‡²ğŸ‡©,bandeira: MoldÃ¡via
ğŸ‡²ğŸ‡ª,bandeira: Montenegro
ğŸ‡²ğŸ‡«,bandeira: SÃ£o Martinho
ğŸ‡²ğŸ‡¬,bandeira: Madagascar
ğŸ‡²ğŸ‡­,bandeira: Ilhas Marshall
ğŸ‡²ğŸ‡°,bandeira: MacedÃ´nia do Norte
ğŸ‡²ğŸ‡±,bandeira: Mali
ğŸ‡²ğŸ‡²,bandeira: Mianmar (BirmÃ¢nia)
ğŸ‡²ğŸ‡³,bandeira: MongÃ³lia
ğŸ‡²ğŸ‡´,"bandeira: Macau, RAE da China"
ğŸ‡²ğŸ‡µ,bandeira: Ilhas Marianas do Norte
ğŸ‡²ğŸ‡¶,bandeira: Martinica
ğŸ‡²ğŸ‡·,bandeira: MauritÃ¢nia
ğŸ‡²ğŸ‡¸,bandeira: Montserrat
ğŸ‡²ğŸ‡¹,bandeira: Malta
ğŸ‡²ğŸ‡º,bandeira: MaurÃ­cio
ğŸ‡²ğŸ‡»,bandeira: Maldivas
ğŸ‡²ğŸ‡¼,bandeira: Malaui
ğŸ‡²ğŸ‡½,bandeira: MÃ©xico
ğŸ‡²ğŸ‡¾,bandeira: MalÃ¡sia
ğŸ‡²ğŸ‡¿,bandeira: MoÃ§ambique
ğŸ‡³ğŸ‡¦,bandeira: NamÃ­bia
ğŸ‡³ğŸ‡¨,bandeira: Nova CaledÃ´nia
ğŸ‡³ğŸ‡ª,bandeira: NÃ­ger
ğŸ‡³ğŸ‡«,bandeira: Ilha Norfolk
ğŸ‡³ğŸ‡¬,bandeira: NigÃ©ria
ğŸ‡³ğŸ‡®,bandeira: NicarÃ¡gua
ğŸ‡³ğŸ‡±,bandeira: PaÃ­ses Baixos
ğŸ‡³ğŸ‡´,bandeira: Noruega
ğŸ‡³ğŸ‡µ,bandeira: Nepal
ğŸ‡³ğŸ‡·,bandeira: Nauru
ğŸ‡³ğŸ‡º,bandeira: Niue
ğŸ‡³ğŸ‡¿,bandeira: Nova ZelÃ¢ndia
ğŸ‡´ğŸ‡²,bandeira: OmÃ£
ğŸ‡µğŸ‡¦,bandeira: PanamÃ¡
ğŸ‡µğŸ‡ª,bandeira: Peru
ğŸ‡µğŸ‡«,bandeira: PolinÃ©sia Francesa
ğŸ‡µğŸ‡¬,bandeira: Papua-Nova GuinÃ©
ğŸ‡µğŸ‡­,bandeira: Filipinas
ğŸ‡µğŸ‡°,bandeira: PaquistÃ£o
ğŸ‡µğŸ‡±,bandeira: PolÃ´nia
ğŸ‡µğŸ‡²,bandeira: SÃ£o Pedro e MiquelÃ£o
ğŸ‡µğŸ‡³,bandeira: Ilhas Pitcairn
ğŸ‡µğŸ‡·,bandeira: Porto Rico
ğŸ‡µğŸ‡¸,bandeira: TerritÃ³rios palestinos
ğŸ‡µğŸ‡¹,bandeira: Portugal
ğŸ‡µğŸ‡¼,bandeira: Palau
ğŸ‡µğŸ‡¾,bandeira: Paraguai
ğŸ‡¶ğŸ‡¦,bandeira: Catar
ğŸ‡·ğŸ‡ª,bandeira: ReuniÃ£o
ğŸ‡·ğŸ‡´,bandeira: RomÃªnia
ğŸ‡·ğŸ‡¸,bandeira: SÃ©rvia
ğŸ‡·ğŸ‡º,bandeira: RÃºssia
ğŸ‡·ğŸ‡¼,bandeira: Ruanda
ğŸ‡¸ğŸ‡¦,bandeira: ArÃ¡bia Saudita
ğŸ‡¸ğŸ‡§,bandeira: Ilhas SalomÃ£o
ğŸ‡¸ğŸ‡¨,bandeira: Seicheles
ğŸ‡¸ğŸ‡©,bandeira: SudÃ£o
ğŸ‡¸ğŸ‡ª,bandeira: SuÃ©cia
ğŸ‡¸ğŸ‡¬,bandeira: Singapura
ğŸ‡¸ğŸ‡­,bandeira: Santa Helena
ğŸ‡¸ğŸ‡®,bandeira: EslovÃªnia
ğŸ‡¸ğŸ‡¯,bandeira: Svalbard e Jan Mayen
ğŸ‡¸ğŸ‡°,bandeira: EslovÃ¡quia
ğŸ‡¸ğŸ‡±,bandeira: Serra Leoa
ğŸ‡¸ğŸ‡²,bandeira: San Marino
ğŸ‡¸ğŸ‡³,bandeira: Senegal
ğŸ‡¸ğŸ‡´,bandeira: SomÃ¡lia
ğŸ‡¸ğŸ‡·,bandeira: Suriname
ğŸ‡¸ğŸ‡¸,bandeira: SudÃ£o do Sul
ğŸ‡¸ğŸ‡¹,bandeira: SÃ£o TomÃ© e PrÃ­ncipe
ğŸ‡¸ğŸ‡»,bandeira: El Salvador
ğŸ‡¸ğŸ‡½,bandeira: Sint Maarten
ğŸ‡¸ğŸ‡¾,bandeira: SÃ­ria
ğŸ‡¸ğŸ‡¿,bandeira: EssuatÃ­ni
ğŸ‡¹ğŸ‡¦,bandeira: TristÃ£o da Cunha
ğŸ‡¹ğŸ‡¨,bandeira: Ilhas Turcas e Caicos
ğŸ‡¹ğŸ‡©,bandeira: Chade
ğŸ‡¹ğŸ‡«,bandeira: TerritÃ³rios Franceses do Sul
ğŸ‡¹ğŸ‡¬,bandeira: Togo
ğŸ‡¹ğŸ‡­,bandeira: TailÃ¢ndia
ğŸ‡¹ğŸ‡¯,bandeira: TadjiquistÃ£o
ğŸ‡¹ğŸ‡°,bandeira: Tokelau
ğŸ‡¹ğŸ‡±,bandeira: Timor-Leste
ğŸ‡¹ğŸ‡²,bandeira: TurcomenistÃ£o
ğŸ‡¹ğŸ‡³,bandeira: TunÃ­sia
ğŸ‡¹ğŸ‡´,bandeira: Tonga
ğŸ‡¹ğŸ‡·,bandeira: Turquia
ğŸ‡¹ğŸ‡¹,bandeira: Trinidad e Tobago
ğŸ‡¹ğŸ‡»,bandeira: Tuvalu
ğŸ‡¹ğŸ‡¼,bandeira: Taiwan
ğŸ‡¹ğŸ‡¿,bandeira: TanzÃ¢nia
ğŸ‡ºğŸ‡¦,bandeira: UcrÃ¢nia
ğŸ‡ºğŸ‡¬,bandeira: Uganda
ğŸ‡ºğŸ‡²,bandeira: Ilhas Menores Distantes dos EUA
ğŸ‡ºğŸ‡³,bandeira: NaÃ§Ãµes Unidas
ğŸ‡ºğŸ‡¸,bandeira: Estados Unidos
ğŸ‡ºğŸ‡¾,bandeira: Uruguai
ğŸ‡ºğŸ‡¿,bandeira: UzbequistÃ£o
ğŸ‡»ğŸ‡¦,bandeira: Cidade do Vaticano
ğŸ‡»ğŸ‡¨,bandeira: SÃ£o Vicente e Granadinas
ğŸ‡»ğŸ‡ª,bandeira: Venezuela
ğŸ‡»ğŸ‡¬,bandeira: Ilhas Virgens BritÃ¢nicas
ğŸ‡»ğŸ‡®,bandeira: Ilhas Virgens Americanas
ğŸ‡»ğŸ‡³,bandeira: VietnÃ£
ğŸ‡»ğŸ‡º,bandeira: Vanuatu
ğŸ‡¼ğŸ‡«,bandeira: Wallis e Futuna
ğŸ‡¼ğŸ‡¸,bandeira: Samoa
ğŸ‡½ğŸ‡°,bandeira: Kosovo
ğŸ‡¾ğŸ‡ª,bandeira: IÃªmen
ğŸ‡¾ğŸ‡¹,bandeira: Mayotte
ğŸ‡¿ğŸ‡¦,bandeira: Ãfrica do Sul
ğŸ‡¿ğŸ‡²,bandeira: ZÃ¢mbia
ğŸ‡¿ğŸ‡¼,bandeira: ZimbÃ¡bue
ğŸ´ó §ó ¢ó ¥ó ®ó §ó ¿,bandeira: Inglaterra
ğŸ´ó §ó ¢ó ³ó £ó ´ó ¿,bandeira: EscÃ³cia
ğŸ´ó §ó ¢ó ·ó ¬ó ³ó ¿,bandeira: PaÃ­s de Gales
